Puzzle Name	Size	Brand Name	Number Identifier	Manufacturing Code	Levels	Units	Sku Number
Abyss	8	CircZles 	01	R1	06	500	CC-01-R1-06-0001
Alpha Blue 	8	CircZles 	02	R1	06	500	CC-02-R1-06-0001
Colorstrom	8	CircZles 	03	R1	10	500	CC-03-R1-10-0001
Escheresque 	8	CircZles 	04	R1	06	500	CC-04-R1-06-0001
Chromatopsia	10	CircZles 	05	R1	13	500	CC-05-R1-13-0001
Generations	10	CircZles 	06	R1	13	500	CC-06-R1-13-0001
Metamorphosis	10	CircZles 	07	R1	13	500	CC-07-R1-13-0001
Overflow	10	CircZles 	08	R1	13	500	CC-08-R1-13-0001
Phallacy	10	CircZles 	09	R1	13	125	CC-09-R1-13-0001
Spiritual Awakening	10	CircZles 	10	R1	13	500	CC-10-R1-13-0001
Beyond Dreams	12	CircZles 	11	R1	18	500	CC-11-R1-18-0001
Gold Fishing	12	CircZles 	12	R1	15	500	CC-12-R1-15-0001
L.S.Tree	12	CircZles 	13	R1	15	500	CC-13-R1-15-0001
Pluto	12	CircZles 	14	R1	18	500	CC-14-R1-18-0001
Puzzle Saver Board	NA	Cogzart	15	R1	NA	500	CZ-15-R1-NA-0001
Cupcake	06	CircZles	16	R2	NA	64	CC-16-R2-NA-0001
Introduction To Circzles	06	CircZles	17	R2	NA	32	CC-17-R2-NA-0001
Sorcery	06	CircZles	18	R2	NA	32	CC-18-R2-NA-0001
Synthesis	8	CircZles 	19	R2	03	72	CC-19-R2-03-0001
Cosmic Walk	10	CircZles 	20	R2	16	32	CC-20-R2-16-0001
Elephant	10	CircZles 	21	R2	19	32	CC-21-R2-19-0001
Metamorphosis	10	CircZles 	22	R2	02	40	CC-22-R2-02-0001
Midnight Bazaar	10	CircZles 	23	R2	05	40	CC-23-R2-05-0001
Peacock	10	CircZles 	24	R2	09	40	CC-24-R2-09-0001
Celebrations	12	CircZles 	25	R2	12	32	CC-25-R2-12-0001
Folklore	12	CircZles 	26	R2	21	32	CC-26-R2-21-0001
L.S.Tree	12	CircZles 	27	R2	08	72	CC-27-R2-08-0001
Lightone	12	CircZles 	28	R2	23	32	CC-28-R2-23-0001
Lion	12	CircZles 	29	R2	01	48	CC-29-R2-01-0001
Mind Map	12	CircZles 	30	R2	04	48	CC-30-R2-04-0001
Aapdo Dham	16	CircZles 	31	R2	14	03	CC-31-R2-14-0001
Birdwired	16	CircZles 	32	R2	07	05	CC-32-R2-07-0001
DNA-Coded Carbon	16	CircZles 	33	R2	25	03	CC-33-R2-25-0001
Forgotten worlds	16	CircZles 	34	R2	22	03	CC-34-R2-22-0001
Once Upon India	16	CircZles 	35	R2	20	03	CC-35-R2-20-0001
Rickshaw	16	CircZles 	36	R2	24	03	CC-36-R2-24-0001
Serenity	16	CircZles 	37	R2	17	03	CC-37-R2-17-0001
Waiting For God	16	CircZles 	38	R2	11	05	CC-38-R2-11-0001
1885	8	CircZles	39	R3	03	100	CC-39-R3-03-0001
Colorstom	8	CircZles	40	R3	10	20	CC-40-R3-10-0001
Red Alert	8	CircZles	41	R3	06	100	CC-41-R3-06-0001
Cosmic walk	10	CircZles	42	R3	16	20	CC-42-R3-16-0001
Eagle-eyed	10	CircZles	43	R3	09	100	CC-43-R3-09-0001
Elephant	10	CircZles	44	R3	19	20	CC-44-R3-19-0001
Hoot	10	CircZles	45	R3	05	100	CC-45-R3-05-0001
Jade Embers	10	CircZles	46	R3	05	100	CC-46-R3-05-0001
lucid skies	10	CircZles	47	R3	02	200	CC-47-R3-02-0001
metamorphosis	10	CircZles	48	R3	02	300	CC-48-R3-02-0001
Midnight Bazaar	10	CircZles	49	R3	05	100	CC-49-R3-05-0001
Peocock	10	CircZles	50	R3	09	100	CC-50-R3-09-0001
Spiritual Awakening	10	CircZles	51	R3	13	20	CC-51-R3-13-0001
1995	12	CircZles	52	R3	01	100	CC-52-R3-01-0001
Best friend	12	CircZles	53	R3	08	200	CC-53-R3-08-0001
Bullseye	12	CircZles	54	R3	04	100	CC-54-R3-04-0001
clockwork cogzart	12	CircZles	55	R3	04	100	CC-55-R3-04-0001
Florescence	12	CircZles	56	R3	08	100	CC-56-R3-08-0001
Folklore	12	CircZles	57	R3	21	20	CC-57-R3-21-0001
Glass puppies	12	CircZles	58	R3	01	200	CC-58-R3-01-0001
Gold Fishing	12	CircZles	59	R3	15	20	CC-59-R3-15-0001
Lightone	12	CircZles	60	R3	23	20	CC-60-R3-23-0001
LION	12	CircZles	61	R3	01	500	CC-61-R3-01-0001
Lunartic	12	CircZles	62	R3	01	100	CC-62-R3-01-0001
Mind Map	12	CircZles	63	R3	04	400	CC-63-R3-04-0001
Octo Gone	12	CircZles	64	R3	01	100	CC-64-R3-01-0001
Pluto	12	CircZles	65	R3	18	20	CC-65-R3-18-0001
Primate Directive	12	CircZles	66	R3	04	100	CC-66-R3-04-0001
Split Nature	12	CircZles	67	R3	04	100	CC-67-R3-04-0001
StagNation	12	CircZles	68	R3	04	100	CC-68-R3-04-0001
The OG	12	CircZles	69	R3	01	300	CC-69-R3-01-0001
the overthinker	12	CircZles	70	R3	12	100	CC-70-R3-12-0001
Aapdo Dham	16	CircZles	71	R3	14	20	CC-71-R3-14-0001
All who wander	16	CircZles	72	R3	0.5	20	CC-72-R3-0.5-0001
Birdwired	16	CircZles	73	R3	07	20	CC-73-R3-07-0001
DNA-Coded Carbon	16	CircZles	74	R3	25	20	CC-74-R3-25-0001
Forgotten Worlds	16	CircZles	75	R3	22	20	CC-75-R3-22-0001
Once Upon India	16	CircZles	76	R3	20	20	CC-76-R3-20-0001
Rickshaw	16	CircZles	77	R3	24	20	CC-77-R3-24-0001
Serenity	16	CircZles	78	R3	17	20	CC-78-R3-17-0001
Set in Stone	16	CircZles	79	R3	3.5	20	CC-79-R3-3.5-0001
Still Waters	16	CircZles	80	R3	07	20	CC-80-R3-07-0001
Swirled	16	CircZles	81	R3	11	20	CC-81-R3-11-0001
Waiting for god	16	CircZles	82	R3	11	20	CC-82-R3-11-0001
